True Values,Predictions
0.067667011,0.058088018530000084
0.03903866,0.037175848620000035
